"","MSE_test","MAE_test","R2_test","MSE_train","MAE_train","R2_train"
"top5_model",133.247696588584,9.13043063691616,0.332499076940115,136.453258782261,9.22576565172395,0.30817499988618
"fullmodel",136.421090448144,9.21310094376711,0.324219349000402,139.298554162623,9.31423310590949,0.303169974381062
